{
  "project_info": {
    "project_number": "695172603326",
    "project_id": "job-mart-database",
    "storage_bucket": "job-mart-database.appspot.com"
  },
  "client": [
    {
      "client_info": {
        "mobilesdk_app_id": "1:695172603326:android:9ffdf3376e7e94b0c16def",
        "android_client_info": {
          "package_name": "com.example.jobmart"
        }
      },
      "oauth_client": [
        {
          "client_id": "695172603326-ef8shcbcevhobeo38lv7dtrctd4ck3r2.apps.googleusercontent.com",
          "client_type": 3
        }
      ],
      "api_key": [
        {
          "current_key": "AIzaSyACjcoCi9jps7zKGo0tWWBG4GRQ7k6hl6w"
        }
      ],
      "services": {
        "appinvite_service": {
          "other_platform_oauth_client": [
            {
              "client_id": "695172603326-ef8shcbcevhobeo38lv7dtrctd4ck3r2.apps.googleusercontent.com",
              "client_type": 3
            }
          ]
        }
      }
    }
  ],
  "configuration_version": "1"
}